Workbook

Sheet Basics
A1: Kit Series: | B1: MassTox® | G1: AddOn Series: | H1: MassPrep®
A2: (Basic) Kit Name: | B2: TDM Series A | G2: AddOn Product Name: | H2: TDM Series A
A3: Kit Product Number: | B3: 92711 | G3: AddOn Product Number: | H3: 42952
A5: Kit Components
A6: Only items relevant to "Sample Prep" procedure, one item per row: "Type" definition is required.
A7: "Container Types" as per intended presentation on the Automation Platform.
A8: Entry only to be done in white fields! | C8: DONT EDIT
A9: Product Number | B9: Component Name | C9: Control/Calibrator Level | D9: Parameter Set Number | E9: Assay Abbreviation | F9: Parameter Set Name (or "BASIC Kit") | G9: Type | H9: Container Type (if liquid)
B10: Plasma | C10: =IF(RIGHT(TRIM(B10),5)="Blank", 0, IF(ISNUMBER(SEARCH("Level",B10)), RIGHT(TRIM(B10),2), "" ) ) | G10: Sample | H10: Sample Tube
A11: 92012 | B11: Precipitation Reagent | C11: =IF(RIGHT(TRIM(B11),5)="Blank", 0, IF(ISNUMBER(SEARCH("Level",B11)), RIGHT(TRIM(B11),2), "" ) ) | F11: BASIC Kit | G11: Reagent | H11: BG 50mL
A12: 92005 | B12: Extraction Buffer | C12: =IF(RIGHT(TRIM(B12),5)="Blank", 0, IF(ISNUMBER(SEARCH("Level",B12)), RIGHT(TRIM(B12),2), "" ) ) | F12: BASIC Kit | G12: Reagent | H12: BG 7mL
A13: 92007 | B13: Dilution Buffer 1 | C13: =IF(RIGHT(TRIM(B13),5)="Blank", 0, IF(ISNUMBER(SEARCH("Level",B13)), RIGHT(TRIM(B13),2), "" ) ) | F13: BASIC Kit | G13: Reagent | H13: BG 50mL
A14: 92008 | B14: Dilution Buffer 2 | C14: =IF(RIGHT(TRIM(B14),5)="Blank", 0, IF(ISNUMBER(SEARCH("Level",B14)), RIGHT(TRIM(B14),2), "" ) ) | F14: BASIC Kit | G14: Reagent | H14: BG 50mL
A15: 92057 | B15: 96 Well filter plates | C15: =IF(RIGHT(TRIM(B15),5)="Blank", 0, IF(ISNUMBER(SEARCH("Level",B15)), RIGHT(TRIM(B15),2), "" ) ) | F15: BASIC Kit | G15: Filter Plate, 96 well
A16: 92058 | B16: 96 Well collection plates | C16: =IF(RIGHT(TRIM(B16),5)="Blank", 0, IF(ISNUMBER(SEARCH("Level",B16)), RIGHT(TRIM(B16),2), "" ) ) | F16: BASIC Kit | G16: Collection Plate, 96 well
A17: 92026/0/XT2 | B17: Plasma Calibrator Level 0 | C17: =IF(RIGHT(TRIM(B17),5)="Blank", 0, IF(ISNUMBER(SEARCH("Level",B17)), RIGHT(TRIM(B17),2), "" ) ) -> 0 | D17: 92714-XT2 | E17: NL2-XT2 | F17: Neuroleptics 2/EXTENDED 2 | G17: Calibrator | H17: Kabe Tube
A18: 92026/1/XT2 | B18: Plasma Calibrator Level 1 | C18: =IF(RIGHT(TRIM(B18),5)="Blank", 0, IF(ISNUMBER(SEARCH("Level",B18)), RIGHT(TRIM(B18),2), "" ) ) -> 1 | D18: 92714-XT2 | E18: NL2-XT2 | F18: Neuroleptics 2/EXTENDED 2 | G18: Calibrator | H18: Kabe Tube
A19: 92026/2/XT2 | B19: Plasma Calibrator Level 2 | C19: =IF(RIGHT(TRIM(B19),5)="Blank", 0, IF(ISNUMBER(SEARCH("Level",B19)), RIGHT(TRIM(B19),2), "" ) ) -> 2 | D19: 92714-XT2 | E19: NL2-XT2 | F19: Neuroleptics 2/EXTENDED 2 | G19: Calibrator | H19: Kabe Tube
A20: 92026/3/XT2 | B20: Plasma Calibrator Level 3 | C20: =IF(RIGHT(TRIM(B20),5)="Blank", 0, IF(ISNUMBER(SEARCH("Level",B20)), RIGHT(TRIM(B20),2), "" ) ) -> 3 | D20: 92714-XT2 | E20: NL2-XT2 | F20: Neuroleptics 2/EXTENDED 2 | G20: Calibrator | H20: Kabe Tube
A21: 0228/XT2 | B21: Plasma Control Level I | C21: =IF(RIGHT(TRIM(B21),5)="Blank", 0, IF(ISNUMBER(SEARCH("Level",B21)), RIGHT(TRIM(B21),2), "" ) ) -> I | D21: 92714-XT2 | E21: NL2-XT2 | F21: Neuroleptics 2/EXTENDED 2 | G21: Control | H21: Kabe Tube
A22: 0229/XT2 | B22: Plasma Control Level II | C22: =IF(RIGHT(TRIM(B22),5)="Blank", 0, IF(ISNUMBER(SEARCH("Level",B22)), RIGHT(TRIM(B22),2), "" ) ) -> II | D22: 92714-XT2 | E22: NL2-XT2 | F22: Neuroleptics 2/EXTENDED 2 | G22: Control | H22: Kabe Tube
A23: 92046/N2/XT2 | B23: Internal Standard Mix | C23: =IF(RIGHT(TRIM(B23),5)="Blank", 0, IF(ISNUMBER(SEARCH("Level",B23)), RIGHT(TRIM(B23),2), "" ) ) | D23: 92714-XT2 | E23: NL2-XT2 | F23: Neuroleptics 2/EXTENDED 2 | G23: Internal Standard | H23: BG 50mL
D24: 92913-XT | E24: AD1-XT | F24: Antidepressants 1/EXTENDED
D25: 92921-XT2 | E25: AED-XT2 | F25: Antiepileptic Drugs XT2

Sheet SamplePrep
A5: Sample Preparation Procedure
A6: Steps in chronological order
A8: Entry only to be done in white fields below! | D8: Pipette | E8: Shake, Centrifuge
A9: Action | B9: Source | C9: Destination | D9: Volume [uL] | E9: Duration [sec] | F9: Force [RPM]
A10: Pipette (1000) | B10: Urine | C10: 96 Well filter plates | D10: 50
A11: Pipette (300) | B11: Plasma Calibrator Level 1 | C11: 96 Well filter plates | D11: 50
A12: Pipette (300) | B12: Plasma Calibrator Level 2 | C12: 96 Well filter plates | D12: 50
A13: Pipette (300) | B13: Plasma Calibrator Level 3 | C13: 96 Well filter plates | D13: 50
A14: Pipette (300) | B14: Plasma Control Level I | C14: 96 Well filter plates | D14: 50
A15: Pipette (300) | B15: Plasma Control Level II | C15: 96 Well filter plates | D15: 50
A16: Pipette (1000) | B16: Extraction Buffer | C16: 96 Well filter plates | D16: 25
A17: Shake | B17: 96 Well filter plates | E17: 120 | F17: 600
A18: Pipette (1000) | B18: Internal Standard Mix | C18: 96 Well filter plates | D18: 250
A19: Shake | B19: 96 Well filter plates | E19: 30 | F19: 1000
A20: Centrifuge | B20: 96 Well filter plates | C20: 96 Well collection plates | E20: 300 | F20: 2000
A21: Dilute | B21: 96 Well collection plates

Sheet Dilutions
A5: Dilution schemes
A6: Selectable Options of Ratios
A8: Entry only to be done in white fields below!
A9: Dilution Name | B9: Dilution Buffer 1 Ratio | C9: Dilution Buffer 2 Ratio | D9: Dilution Buffer 3 Ratio
A10: 1+2 | B10: 100
A11: 1+3 | B11: 100
A12: 1+4 | B12: 50 | C12: 50
A13: 1+5 | B13: 50 | C13: 50
A14: 1+6 | B14: 50 | C14: 50
A15: 1+7 | B15: 50 | C15: 50
A16: 1+8 | C16: 100

Sheet Analytes
A5: List of Analytes
A6: with Concentration Unit
A8: Entry only to be done in white fields below!
A9: Analyte Name | B9: Unit of Measurement | C9: Parameter Set
A10: Amisulpride | B10: µg/L | C10: NL2-XT2
A11: Benperidol | B11: µg/L | C11: NL2-XT2
A12: Brexpiprazole | B12: µg/L | C12: NL2-XT2
A13: Bromperidol | B13: µg/L | C13: NL2-XT2
A14: Cariprazine | B14: µg/L | C14: NL2-XT2
A15: Chlorpromazine | B15: µg/L | C15: NL2-XT2
A16: Chlorprothixene | B16: µg/L | C16: NL2-XT2
A17: Flupentixol | B17: µg/L | C17: NL2-XT2
A18: Fluphenazine | B18: µg/L | C18: NL2-XT2
A19: Guanfacine | B19: µg/L | C19: NL2-XT2
A20: Iloperidone | B20: µg/L | C20: NL2-XT2
... A37: Zuclopenthixol | B37: µg/L | C37: NL2-XT2

Sheet AddOn CheckList
A5: AddOn Configuration Overview
A7: All Data shown below is derived from sheet "Basics".
A8: Nothing to edit here!
A9: AddOn Information:
A11: AddOn Name: | B11: =Basics!H1 & " AddOn " & Basics!H2 -> MassPrep® AddOn TDM Series A
A12: AddOn Product Number: | B12: =Basics!H3 -> 42952
F15: =IF(E15<>"",_xlfn.XLOOKUP(E15, Basics!F13:F93, Basics!D13:D93) & "-A","") | G15: =IF(E15<>"",Basics!$B$1 & " " & 'AddOn CheckList'!E15 & " automated","")
A16: Included Assays:
A18: Kit Assays Name | B18: Auto. Assay Number: | C18: Auto. Assay Name: | D18: Auto. Assay Short Name: | E18: Auto. Assay Main Title: | F18: Auto. Assay Subtitle: | G18: Auto. Display Name (Sub):
A19: {=IFERROR(_xlfn._xlws.SORT(_xlfn.UNIQUE(_xlfn._xlws.FILTER(Basics!F10:F90,(Basics!F10:F90<>"Basic Kit")*(Basics!F10:F90<>"")))),"No Assays found!")} -> Antidepressants 1/EXTENDED | B19: =IF(A19<>"",_xlfn.XLOOKUP(A19, Basics!F10:F90, Basics!D10:D90) & "-A","") -> 92913-XT-A | C19: =IF(A19<>"",Basics!$B$1 & " " & 'AddOn CheckList'!A19 & " automated","") -> MassTox® Antidepressants 1/EXTENDED automated | D19: =IF(A19<>"",_xlfn.XLOOKUP(A19, Basics!F10:F90, Basics!E10:E90) & "-A","") -> AD1-XT-A | E19: =IF(A19<>"",Basics!$H$1,"") -> MassPrep® | F19: =IF(A19<>"",Basics!$H$2,"") -> TDM Series A | G19: =IF(A19<>"",A19,"") -> Antidepressants 1/EXTENDED
A20: Antiepileptic Drugs XT2 | B20: =IF(A20<>"",_xlfn.XLOOKUP(A20, Basics!F11:F91, Basics!D11:D91) & "-A","") -> 92921-XT2-A | C20: =IF(A20<>"",Basics!$B$1 & " " & 'AddOn CheckList'!A20 & " automated","") -> MassTox® Antiepileptic Drugs XT2 automated | D20: =IF(A20<>"",_xlfn.XLOOKUP(A20, Basics!F11:F91, Basics!E11:E91) & "-A","") -> AED-XT2-A | E20: =IF(A20<>"",Basics!$H$1,"") -> MassPrep® | F20: =IF(A20<>"",Basics!$H$2,"") -> TDM Series A | G20: =IF(A20<>"",A20,"") -> Antiepileptic Drugs XT2
A21: Neuroleptics 2/EXTENDED 2 | B21: =IF(A21<>"",_xlfn.XLOOKUP(A21, Basics!F12:F92, Basics!D12:D92) & "-A","") -> 92714-XT2-A | C21: =IF(A21<>"",Basics!$B$1 & " " & 'AddOn CheckList'!A21 & " automated","") -> MassTox® Neuroleptics 2/EXTENDED 2 automated | D21: =IF(A21<>"",_xlfn.XLOOKUP(A21, Basics!F12:F92, Basics!E12:E92) & "-A","") -> NL2-XT2-A | E21: =IF(A21<>"",Basics!$H$1,"") -> MassPrep® | F21: =IF(A21<>"",Basics!$H$2,"") -> TDM Series A | G21: =IF(A21<>"",A21,"") -> Neuroleptics 2/EXTENDED 2
B22: =IF(A22<>"",_xlfn.XLOOKUP(A22, Basics!F13:F93, Basics!D13:D93) & "-A","") | C22: =IF(A22<>"",Basics!$B$1 & " " & 'AddOn CheckList'!A22 & " automated","") | D22: =IF(A22<>"",_xlfn.XLOOKUP(A22, Basics!F13:F93, Basics!E13:E93) & "-A","") | E22: =IF(A22<>"",Basics!$H$1,"") | F22: =IF(A22<>"",Basics!$H$2,"") | G22: =IF(A22<>"",A22,"")
B23: =IF(A23<>"",_xlfn.XLOOKUP(A23, Basics!F14:F94, Basics!D14:D94) & "-A","") | C23: =IF(A23<>"",Basics!$B$1 & " " & 'AddOn CheckList'!A23 & " automated","") | D23: =IF(A23<>"",_xlfn.XLOOKUP(A23, Basics!F14:F94, Basics!E14:E94) & "-A","") | E23: =IF(A23<>"",Basics!$H$1,"") | F23: =IF(A23<>"",Basics!$H$2,"") | G23: =IF(A23<>"",A23,"")
B24: =IF(A24<>"",_xlfn.XLOOKUP(A24, Basics!F15:F95, Basics!D15:D95) & "-A","") | C24: =IF(A24<>"",Basics!$B$1 & " " & 'AddOn CheckList'!A24 & " automated","") | D24: =IF(A24<>"",_xlfn.XLOOKUP(A24, Basics!F15:F95, Basics!E15:E95) & "-A","") | E24: =IF(A24<>"",Basics!$H$1,"") | F24: =IF(A24<>"",Basics!$H$2,"") | G24: =IF(A24<>"",A24,"")
B25: =IF(A25<>"",_xlfn.XLOOKUP(A25, Basics!F16:F96, Basics!D16:D96) & "-A","") | C25: =IF(A25<>"",Basics!$B$1 & " " & 'AddOn CheckList'!A25 & " automated","") | D25: =IF(A25<>"",_xlfn.XLOOKUP(A25, Basics!F16:F96, Basics!E16:E96) & "-A","") | E25: =IF(A25<>"",Basics!$H$1,"") | F25: =IF(A25<>"",Basics!$H$2,"") | G25: =IF(A25<>"",A25,"")
B26: =IF(A26<>"",_xlfn.XLOOKUP(A26, Basics!F17:F97, Basics!D17:D97) & "-A","") | C26: =IF(A26<>"",Basics!$B$1 & " " & 'AddOn CheckList'!A26 & " automated","") | D26: =IF(A26<>"",_xlfn.XLOOKUP(A26, Basics!F17:F97, Basics!E17:E97) & "-A","") | E26: =IF(A26<>"",Basics!$H$1,"") | F26: =IF(A26<>"",Basics!$H$2,"") | G26: =IF(A26<>"",A26,"")
B27: =IF(A27<>"",_xlfn.XLOOKUP(A27, Basics!F18:F98, Basics!D18:D98) & "-A","") | C27: =IF(A27<>"",Basics!$B$1 & " " & 'AddOn CheckList'!A27 & " automated","") | D27: =IF(A27<>"",_xlfn.XLOOKUP(A27, Basics!F18:F98, Basics!E18:E98) & "-A","") | E27: =IF(A27<>"",Basics!$H$1,"") | F27: =IF(A27<>"",Basics!$H$2,"") | G27: =IF(A27<>"",A27,"")
B28: =IF(A28<>"",_xlfn.XLOOKUP(A28, Basics!F19:F99, Basics!D19:D99) & "-A","") | C28: =IF(A28<>"",Basics!$B$1 & " " & 'AddOn CheckList'!A28 & " automated","") | D28: =IF(A28<>"",_xlfn.XLOOKUP(A28, Basics!F19:F99, Basics!E19:E99) & "-A","") | E28: =IF(A28<>"",Basics!$H$1,"") | F28: =IF(A28<>"",Basics!$H$2,"") | G28: =IF(A28<>"",A28,"")
B29: =IF(A29<>"",_xlfn.XLOOKUP(A29, Basics!F20:F100, Basics!D20:D100) & "-A","") | C29: =IF(A29<>"",Basics!$B$1 & " " & 'AddOn CheckList'!A29 & " automated","") | D29: =IF(A29<>"",_xlfn.XLOOKUP(A29, Basics!F20:F100, Basics!E20:E100) & "-A","") | E29: =IF(A29<>"",Basics!$H$1,"") | F29: =IF(A29<>"",Basics!$H$2,"") | G29: =IF(A29<>"",A29,"")
B30: =IF(A30<>"",_xlfn.XLOOKUP(A30, Basics!F21:F101, Basics!D21:D101) & "-A","") | C30: =IF(A30<>"",Basics!$B$1 & " " & 'AddOn CheckList'!A30 & " automated","") | D30: =IF(A30<>"",_xlfn.XLOOKUP(A30, Basics!F21:F101, Basics!E21:E101) & "-A","") | E30: =IF(A30<>"",Basics!$H$1,"") | F30: =IF(A30<>"",Basics!$H$2,"") | G30: =IF(A30<>"",A30,"")
B31: =IF(A31<>"",_xlfn.XLOOKUP(A31, Basics!F22:F102, Basics!D22:D102) & "-A","") | C31: =IF(A31<>"",Basics!$B$1 & " " & 'AddOn CheckList'!A31 & " automated","") | D31: =IF(A31<>"",_xlfn.XLOOKUP(A31, Basics!F22:F102, Basics!E22:E102) & "-A","") | E31: =IF(A31<>"",Basics!$H$1,"") | F31: =IF(A31<>"",Basics!$H$2,"") | G31: =IF(A31<>"",A31,"")
B32: =IF(A32<>"",_xlfn.XLOOKUP(A32, Basics!F23:F103, Basics!D23:D103) & "-A","") | C32: =IF(A32<>"",Basics!$B$1 & " " & 'AddOn CheckList'!A32 & " automated","") | D32: =IF(A32<>"",_xlfn.XLOOKUP(A32, Basics!F23:F103, Basics!E23:E103) & "-A","") | E32: =IF(A32<>"",Basics!$H$1,"") | F32: =IF(A32<>"",Basics!$H$2,"") | G32: =IF(A32<>"",A32,"")
B33: =IF(A33<>"",_xlfn.XLOOKUP(A33, Basics!F24:F104, Basics!D24:D104) & "-A","") | C33: =IF(A33<>"",Basics!$B$1 & " " & 'AddOn CheckList'!A33 & " automated","") | D33: =IF(A33<>"",_xlfn.XLOOKUP(A33, Basics!F24:F104, Basics!E24:E104) & "-A","") | E33: =IF(A33<>"",Basics!$H$1,"") | F33: =IF(A33<>"",Basics!$H$2,"") | G33: =IF(A33<>"",A33,"")
... B60: =IF(A60<>"",_xlfn.XLOOKUP(A60, Basics!F51:F131, Basics!D51:D131) & "-A","") | C60: =IF(A60<>"",Basics!$B$1 & " " & 'AddOn CheckList'!A60 & " automated","") | D60: =IF(A60<>"",_xlfn.XLOOKUP(A60, Basics!F51:F131, Basics!E51:E131) & "-A","") | E60: =IF(A60<>"",Basics!$H$1,"") | F60: =IF(A60<>"",Basics!$H$2,"") | G60: =IF(A60<>"",A60,"")

Sheet Hidden_Lists
A1: Product Type | B1: Unit | C1: Container Type | D1: Actions | E1: Action Units | F1: Unit of Measurement | G1: Centrifuge Rotor Radius [cm]
A2: Reagent | B2: µL | C2: BG 7mL | D2: Pipette (1000) | E2: µL | F2: mg/L | G2: 10 | I2: Reagent,Calibrator,Control,Deep Well Plate 96 well,Filter Plate 96 well,Collection Plate 96 well,Collection Plate 96 deep well,SPE Plate 96 well,Dilution Plate 96 Deep Well,Diilution Plate 96 well,Sample,Internal Standard
A3: Calibrator | B3: mL | C3: BG 10mL | D3: Pipette (300) | E3: rpm | F3: µg/L | I3: Pipette (1000), Pipette (300), Shake, Centrifuge, Collect, Dilute, Incubate
A4: Control | B4: L | C4: BG 30mL | D4: Shake | E4: seconds
A5: Deep Well Plate, 96 well | B5: pcs | C5: BG 50mL | D5: Centrifuge | E5: °C | I5: BG 7mL, BG 10mL, BG 30mL, BG 50mL, BG 100mL, Reaction Vials (33006), Sample Tube, Kabe Tube, Glass Tube 12mm
A6: Filter Plate, 96 well | C6: BG 100mL | D6: Collect | E6: G
A7: Collection Plate, 96 well | C7: Reaction Vials (33006) | D7: Dilute
A8: Collection Plate, 96 deep well | C8: Sample Tube | D8: Incubate
A9: SPE Plate, 96 well | C9: Kabe Tube
A10: Dilution Plate, Deep Well. 96 well | C10: Glass Tube 12mm
A11: Dilution Plate, 96 well
A12: Sample
A13: Internal Standard
